title,rating,body,date
HIGHLY DISAPPOINTED WITH THE PRODUCT!!!,1.0,"I really wish there was a provision to award zero stars, that is the level of disappointment with the product.We had been wanting to purchase this air fryer for a long time and it has definitely not been worth the wait. Not only was handle of the air fryer broken but was also covered with scratches. Furthermore, the cardboard which was supposed to hold the fryer in place was torn in different places. This is the second time that we are receiving a defective product in just a span of two weeks. We are paying a good amount of money for the product and we deserve a product free from defects. I have ordered another 10 items on Amazon, I wonder how those are going to turn up....If this trend of defective products keep continuing, it is almost not worth purchasing from Amazon anymore.",5 September 2020
Defective products and Delivery nexus,1.0,A damaged and already used product was sent by the seller. After multiple attempts to return/exchange the product the seller has ensured that delivery team continuously fail product verification citing false reasons and didn‚Äôt pick the product. Looks like a nexus is being run around this where customers are sent defective items and then delivery team plays hand in gloves with seller. Amazon also is unable to take any action against this practice.,6 September 2020
"don't go by the product dimensions, its the box dimensions",2.0,"The specifications on amazon says product dimension is 35cm x 35 cm x 37.8 cm, however that's not the product dimension, that's the box dimension (post packaging). The product itself is very small (philips website shows the actual dimension 28.7 x 31.5 x 38.5 and capacity of basket as 28oz which google says is 0.8 liter, which is further different from what we received .. which is somewhere around 29 cm x 29 cm x 31 cm height). There is no mention of the 'liters' or volume capacity of the pan and I had gone by the product dimensions to think of it as a large unit as it was just slightly small than the Havells 6.5 liter unit. We generally trust amazon on such stuff. However, this one is super small in terms of the pricing Vs product capacity. Please beware, the product size doesn't justify the price ! Amazon really needs to pull up the seller in this case as he is giving wrong information. No complaints about amazon service, though ! They promptly took the unit back and refunded as per their policy",15 September 2020
Buy at your own risk,1.0,"Received fake product twice after replacement also happened same, philips is Korean company and made in China was written on the product and product was not same as mentioned in image.",25 June 2020
Used product delivered,1.0,A used product was delivered. We had gifted this and the pack was opened only today. Oil stains were seen and oil smell also felt.  Now it is beyond returnable period. Feel cheated,11 December 2020
Useful product but not ergonomic,3.0,"Works well as an air fryer. Very easy to clean. However, could have been more user-friendly. No pilot lamp to know whether power is on (available on some versiond, but not on this one). Very rudimentary user manual - gives no useful information at all, and the design of the timer rotary knob makes it very difficult to set time accurately.",6 December 2020
Recipe book NOT included in the package as described in the product details and its content,1.0,The RECIPE BOOK and Warranty card as mentioned in the product details were NOT included in the package.Please arrange to deliver the recipe book,23 June 2020
Defective piece,1.0,Please dont buy online. Its waste of money. I wonder what fun the seller gets by sending defective piece. The body got heated up too badly and the fan wasnt working.,28 June 2020
NOT HAPPY,2.0,"Received the product, there was no instruction manual accompanying the fryer. A skimpy printout, in a million languages, extremely brief and uninformative. I am extremely disappointed, at least a basic recipe book is a must. I had expected a better accompaniment from a reputed company, like Philips. There is no way the cord retracts, as mentioned. Am sorry that the product is non-returnable, else I would have opted for it at once. An expensive trinket for the kitchen DISAPPOINTED, TOTALLY. Am stuck with it. A total NO-NO.",24 February 2021
Get the correct instructions for proper  useage of the product.,1.0,"I am afraid I cannot give an opinion on the product as it has not been used so far. There are no clear instructions nor a brochure illustrating the proper useage of the product. I do not want to damage the product without proper instructions. This is an expensive product !I would be grateful if I can get proper instructionson for its useage. I am sure it is a very good product, but I have to  first use it. Hope I can get positive response from concerned department on my query.Thank you,Rajiv Menon",17 December 2020
No after sales service in my location,2.0,"There was no product demo online, nor did any person visit to demo the usage.It was a bad after sales service experience in my location.I tried contacting philips customer care fpr hours, but never got connected to any of their operatives.I am clueless how to use it and the fear of burning away the air frier keeps me from using the product.",28 November 2020
Think before you buy. Check other brands as well,3.0,"Demo provided by company after 8days and when used for first time, it stopped working within 15min. Logged complaint with Philips n they said can repair but denied aa new product. Logged complaint on national consumer forum n Philips replaced product in 10days.Bought on 27oct and got replacement on 28nov",2 December 2020
Looks good but no user manual or cooking guide,2.0,Package and delivery was up to mark. Thanks Amazon. There is no user manual ot cooking instructions help documents included with it. If you buy from Chroma you get the same. Manual attachment on discription page is corrupted and unable to access it.Now will have to check on you tube..will provide more feedback once I use it.,27 October 2020
Not worth the money...too much hype of electric fryer,2.0,"Its not so sophisticated...not sure why they charge so much in the name of a electric fryer. Once started there‚Äôs no button to stop or pause, even when you take out the tray the fry still runs....I hope someone would have already figured out to make an electric fryer with a small fan on top of a heating coil",19 December 2020
"Product has scratch on the teflon coating, no booklet",3.0,"Really disappointed by the Air Fryer. There was no instruction guide,  recipe booklet, warranty card, etc. Looks like a used product. Once we open the pull out container found a scratch inside over the teflon coating . Didn't expect this from a brand like Philips. Bad experience.",19 January 2021
Worst experience with Amazon. Philips had loat one customer today,1.0,Worst product received from Amazon had received airfryer in broken condition. The courier person was bad in speaking he dint helped me replacing my item thought he bought a new replaced Airfryer he took it back saying that you might have demanded it.,9 December 2020
Faulty Product Delivered,1.0,"The product should be checked before dispatch by seller weather it is in working condition as quality check. Why the faulty product delivered by such big brand. Further Amazon has removed the option of return. Customer faith has been shaken after buying branded without option of return the product , if it is faulty.",29 October 2020
Malfunctioning Fryer,1.0,"I have used air fryers before and never had this problem. The basket is not going into the air fryer. I have not even used it once properly. How am I supposed to cook anything if the basket is not locked into the fryer?Why is amazon sending so many defective products like this. Don't you guys do quality checks.Waste of 10,000. If I can give zero stars I would.",22 November 2020
Not Expected !!!,1.0,"Used item...!!Body full of scratches...inner tray rusted, full of oil stains and stinking of fried chicken.Even droplets of water found in the tray, clearly indicating someone has used...washed...and repacked the item.",31 October 2020
Handle broke om day 1,1.0,The handle broke om day 1Myblast philipsair fryer (from amazon) was amazing qualityI didn't even look for another brand even though they were cheaperTerrible qualityVery dissapointed,3 January 2021
Incomplete/ torn off Bill,1.0,Kindly forward fresh copy of bill as the previous bill is incomplete.Philips customer care are not willing to accept the incomplete bill for warranty.Kindly confirm ASAP.Kindly forward the fresh copy of bill in my mail id-  lokeshrawal. rawal@gmail.com,11 July 2020
Very bad experience about philips.,1.0,"This product is not sufficient utensils, bad references about philips customar care.This model is not up to the mark.",30 October 2020
Bad experience with damaged product and replacement,1.0,Product arrived damaged and then the circle of replacement was a mess.,13 September 2020
Damage product recieved,1.0,Recieved a damage product handle was broken have requested for replacement from last 72 hours but no response,4 September 2020
"FAKE, FRAUD & CHINA Prouduct, STICKY Base",1.0,Have an horrible experience with tandoori and tikka items. See the picture how sticky its base is. PHILIPS is an absolutely FAKE and FRAUD Company. I am thinking how to return it. Amazon only replaces but doesn't return.,30 October 2020
Will never recommend,1.0,"Very bad experience....never recomond this product,first time broken grill of exhausted, replacement done with open package and made in China.....vary much disappointed",8 October 2020
Defective product the first time,3.0,"Got a fake one the first time. Did not even come in an authentic Phillips box. Post exchange, the product came packed in a Philips box and seems authentic. Be careful when you order. Ensure it‚Äôs completely sealed and that the fryer is also neatly packed and has stickers on the product.",29 March 2021
Need instruction manual and recipe booklet,1.0,Didn't receive instruction manual and recipe booklet along with the package. Please look into it how to set up the product without instruction manual,23 October 2020
Non-receipt of the Recipe book,3.0,Very disappointed to find that Recipe book was not enclosed which is very necessary,3 November 2020
No recipe booklet,3.0,No recipe booklet. Not sure how to use. App also only has 9 recipes. Can someone help here. Buyer needs to help.,10 November 2020
Air fryer no booklet,1.0,"There is NO proper instruction booklet on exactly how to use the air fryer? Only leaflet of problem shooting, danger, warning???",23 October 2020
Due to manufacturing defect. it cannot be repaired.so please cancel this order  .,1.0,I have opened the product on yesterday.its unable to use due to manufacturing defect.we call Philips service centre.they came here and told it's manufacturing fault and cannot repair. So request you to please cancel this order and reverse my money at the earliest.,18 November 2020
Basket has a flaw. Can‚Äôt be cleaned easily,1.0,The basket has a flaw. It can‚Äôt be cleaned easily. It is an obvious design flaw that Philips somehow can‚Äôt be bothered to fix. You will have to spend extra money on getting a better basket that Philips sell separately.,30 November 2020
Recipe Book,3.0,"List of items in this order showed a Recipe Book also. This Recipe Book was missing in the delivery box. Kindly arrange to send the Recipe Book, which is so important to use this item.",6 July 2020
Missing : Recipe booklet,2.0,There is no instruction manual or Recipe booklet.,17 June 2020
Capicity of air fryer,3.0,"There is not written capicity of mould or air fryer.I want 3 litre capicity.so,I want to return this product.",11 January 2021
No recipe book,3.0,Not a Philips India product. How to register for warranty?? Also no recipe book inside!,28 June 2020
Broken/damaged product,1.0,"Your browser does not support HTML5 video.


  ¬†I just opened the packaging and the product is broken.",31 January 2021
Seller not good,3.0,Seller has supplied a defective product. Have to coordinate with Philips persons to fix the problem,23 December 2020
No instruction manual,1.0,No instruction manual or recipe book..unclear how to even open the fryer..extremely disappointed,31 October 2020
Product is good,2.0,The product does what it's intended to do. I guess seller misplaced the recipe book,18 June 2020
Broken piece delivered.,1.0,Damaged product delivered!,27 July 2020
No warranty,2.0,"Product delivered without warranty card, recipe book is not available and even no  giude sticker pasted on the product to use and  there no receipe book inside.",18 September 2020
Chinese product,2.0,"No user manual. No warranty Card, no recipe guide. Item sent is manufactured in China",31 October 2020
Manual of instructions,3.0,We have not received any user manual and operational instructions and recipe books.,21 October 2020
"Very cheap product, not worth buying",1.0,Very cheap productnot worth buyingBasket is worstWith just 15 mins outer surface got too heat,28 November 2020
Incomplete order received,1.0,Did not receive the recipe book.For such an expensive product not getting complete set is unacceptable.,18 August 2020
Recipe book and Instruction Booklet not sent.,2.0,No recipe book or instruction booklet was sent with the Philips Air Fryer. For a first time user It is difficult to operate. Please send the booklet asap.,26 September 2020
Different product delivered,1.0,Totally different product delivered without indicator light and display as shown in pic. Very disappointed from this.,6 July 2020
Instructions manual with recipe booklet required,1.0,The product is made in China and does not have the receipt booklet I wish if you could provide me the recipe booklet with instructions,3 October 2020
NO RECIPE BOOK.......,3.0,I reviewed my order today but there is no recipe book in it. Now how am i supposed to use itüòìüòì. Otherwise its kind of good.......,27 October 2020
Broken Product,1.0,Broken products...requested for return/replacement but no response,16 September 2020
Not much useful,1.0,Not much useful only french fries can be cooked will not prefer,24 September 2020
Please replace,1.0,It's not getting locked. We got faulty product. It's not even a month and we are facing issue. Please replace.,18 February 2021
Used and worst product,1.0,Received used product please check your product,8 December 2020
Damaged product,1.0,I got the product wth broken handle.Outside box was ok.Inspite of repeated calls product has not been picked up & refunded.,5 February 2021
Recipe book?,2.0,"I haven't received the recipe book and also, there are scratches on the product.",6 February 2021
DEFECTIVE ITEMS DELIVERED TWO TIMES,1.0,Defective item recieved two times. It‚Äôs better to go to chroma and buy by Checking the product yourself.,8 November 2020
Nice product but should have given instruction manual and basic cookbook,3.0,Didn't receive instruction manual or any recepie book.No guarantee card was attached.Only bill was given.,29 October 2020
Product,3.0,Didn't receive the recipe book. Good product.,5 September 2020
No user manual with the product‚ÅâÔ∏è,3.0,"There was no user manual, recipe bookletI had to google to open it as I am a first time user",3 October 2020
Defective item,1.0,Broken piece sold by Cloudtail and fulfilled by Amazon,27 September 2020
No recipe book,2.0,"Cheating,  i booked pillips specially recipes book, there is no book in box",24 August 2020
Zero stars.. Highly disappointed,1.0,"The handle is broken, it is not a new one.. The product was dusty.. And a used one",30 October 2020
Not so good,2.0,"Not so good, plastic melt smell",17 December 2020
Broken piece delivered,1.0,Broken piece delivered,18 December 2020
Missing Recipe book,3.0,The recipe book was missing in the box. Need the recipe book to be sent to my address.,19 July 2020
Didn't receive recipe bool,3.0,We haven't received recipe bopk alongwith the product,26 September 2020
Totally disappointed,1.0,Received damaged product,22 August 2020
Recepie book missing,3.0,The recepie book is missing in the box. Pls share,15 August 2020
NEVER  buy THIS PRODUCT,1.0,I HAVE ONLY USED IT THREE TIMES AND NOW ITS NOT WORKING,3 February 2021
Just ok,3.0,Just ok,10 February 2021
Soso,3.0,Code length its very less,13 October 2020
Older model,1.0,2017 model. Returned,6 March 2021
No recipe book given,1.0,No recipe book given. Disappointing,30 October 2020
whether product is made india or china,1.0,"This item is made in china,",19 September 2020
Cheating us....,1.0,Dont buy it. Made in china products..,29 October 2020
Damage peace,1.0,Damage peace,12 November 2020
Recipe book not received,3.0,Recipe book not received,23 March 2021
Product received demage,1.0,Received in demage condition,18 November 2020
Bad quality,1.0,Not a good quality product.,26 November 2020
Nice Product! Express Shipment! Misssing Warranty Card and Recipe book! NOT a Philips India Product,2.0,"I still haven't used the product. The packing was good, but it's missing the warranty card & recipe book. The box has all information written in Mandarin or Malay language, which has actually created doubt in my mind. So, I called Philips India customer care, after talking to couple of associates I got to know that this is NOT a Philips India product. This model is sold in Singapore & Malaysia region, and has been imported in India by the Retailer, I guess.Associates also told me that Philips will provide a global 2 years warranty for this product, but there might be an issue in getting the spare parts in India during service/repair. So, things might get tougher after 2 years.Also, would like to highlight what Amazon has been doing, they have merged the Ratings & Reviews of the flagship product HD9220 (viva collection) into product page of HD9218 (that's why I wondering how come Amazon got more than 1800 reviews in such a small time.Guys, I just wanted to say to check the authenticity of this product/model before buying it from any online retailer. You can better look for some other models which are displayed on Philips India site.",28 June 2020
Outdated technology at double the price,1.0,This isn't even worth 5k anymore. This is the most basic analog fryer in the entire Philips catalog. This doesn't even have presets for ease of use! Washing is a pain unless you spend time to soak it. The world has moved on to air fryers with complete digital interface and presets and here we are willing to shell out 10K for a product that doesn't even come with a recipe book. Talk about India being the dumping ground for outdated technology at premium prices.Go for a simple convection OTG at less than half the price and better cooking results.,30 September 2020
Bad exprience,1.0,"Delivered on 16.10 with Broken bucket handle, dust on the outer side of airfryer, no receipe book, no warranty card, damaged carton when delivered first time..& on 2nd time product replaced on 20.10 in good condition but still no warranty card & receipe book there. I didnt use this product till now hence can't say about ""easy to use/clean & flavor""  overall Do not expect from co like phillips & amazon. Very bad exprience. Never recommend to buy from there. It's better to buy from market. 1 Out of 10 if i score",22 October 2020
No user manuals!??,3.0,For one of the better air fryers in the market it‚Äôs quite disappointing that you provide no user manual or instructions or a recipe booklet for the applianceJust a bland 1 page  with temperature guidelinesSome additional info on how to best use it and make good healthy foods would have been niceIf you have some more docs please send,23 February 2021
Broken Product,1.0,Send Philips Daily Collection HD9218 Air Fryer as gift to best frined. Shoked when open the packet it as product is broken and cannot use. Now I could see many users have same complaint. Replace the product urgently.,15 September 2020
No recipe book- don‚Äôt buy,1.0,Came without recipe book it was supposed to come with. Bought it as a gift for elderly mother. Please send booklet ASAP,6 October 2020
"Product faulty, company uncooperative.",2.0,"The product crashed immediately after the return window closed..I was guided to approach Philips in Chennai, but they were most uncooperative and never got back after inspecting it..not sure how to resolve this..They should ideally replace the air fryer.",12 December 2020
Recipe book missing,1.0,No recipe book included though same is mentioned in product details.,8 July 2020
Overhyped,1.0,Overhyped product. Foods don't even get cooked properly.,11 January 2021
Bad product,1.0,Bad product......?,14 June 2020
"Phillips product waste of money,poor product don't buy",1.0,"it was waste of money & not cooking properly , poor quality , handle broken ,npoor design so no proper response from philips poor product don't buy",21 March 2021
